Headline,label
How reparation efforts in Barbados found an international spotlight,0
Adam Rich  former  Eight Is Enough  child star  dies at   ,1
A Black  Wall Street Journal  reporter was detained while working outside a bank,-1
California is getting drenched  So why can t it save water for the drought ,1
  low key ways to get your new year off to a healthy start,0
Damar Hamlin thanks fans for support in his first social media posts since collapse,1
Shots   Health News,0
An Iranian man has been held in Germany for allegedly planning a chemical attack,-1
   people killed  dozens injured in bus crash in Senegal,-1
Who says opera needs a grand stage  This festival is all about intimate productions,1
China has reopened its borders to tourists after three years of COVID    closure,0
Security forces regain control after Bolsonaro supporters storm Brazil s Congress,1
PHOTOS  The drama filled process to elect Kevin McCarthy as House speaker,0
From more Star Trek to a surprising Harrison Ford  the best TV in early     ,1
RSV recedes and flu peaks as a new COVID variant shoots  up like a rocket ,0
Bernard Kalb  a longtime foreign affairs newsman  has died at    ,-1
The VA says it s back on track to end veteran homelessness,0
How an ex president who had been jailed rose back to power over Brazil s far right,-1
Ana Montes  former U S  analyst convicted of spying for Cuba  is released from prison,-1
As she nursed her mom through cancer and dementia  a tense relationship began to heal,-1
The State Department will begin spelling Turkey as T rkiye,0
Shows of support and signs of unease mark the first NFL Sunday since Hamlin s injury,-1
The first orbital space launch from British soil will take off on Monday,0
Seattle s schools are suing tech giants for harming young people s mental health,-1
California braces for more storms as thousands are still without power,0
McCarthy s struggles point to troubles ahead for his office  his party and Congress,-1
A bright green comet may be visible with the naked eye starting later this month,1
Biden makes his first visit to the southern border as president,0
VA says it s back on track to end veteran homelessness,0
Deceptive Cadence,0
Buying an electric car  You can get a        tax credit  but it won t be easy,1
If you re looking for a new read for the new year  NPR has      suggestions,0
Headline,label
  arrested    illegal guns found after police track speeding car across Portland,-1
What s up with that  bomb cyclone    Plus a very mild first half of January,-1
Vancouver teacher arrested for sending student nude photo  Police,-1
Beloved Portland tree falls during wind storm,1
Suspect reveals motive behind burning historic Portland church,-1
Police arrest suspect in deadly Portland hotel shooting,-1
Man accused of chewing MAX passenger s face claims victim was  robot ,-1
Pedestrian killed in Centennial Neighborhood crash  PPB says,-1
Former ODOT employees sentenced to prison for    year crime spree,-1
Blazers lose  th straight on road  Raptors win        ,1
Suspect extradited to Portland after arrest for      house party murder,-1
Motorcyclist killed in crash with car in Hazel Dell,-1
Homeless man seriously injured in shooting  arson attack,-1
Camas driftwood artist makes masterpieces out of nature,1
Portland bike courier recovering after being hit by wrong way driver,-1
Man arrested after speeding  crashing car with no license plates,-1
Oregon leads US with highest voter turnout,0
New West Linn mayor is youngest in city s history,0
 We just really want him to come home   Portland man with dementia missing for days,0
Money stolen from safe at Oak Grove bar in a matter of minutes  employees say,0
Turner  Haliburton leads Pacers past Trail Blazers       ,0
Teenager arrested in attempted murder shooting of    year old boy,-1
First Latino sheriff of Marion County dies at   ,0
Oregon Gov  Brown reflects on turbulent final term,0
Reward offered for information on Portland bank arson suspect,1
   year old arrested for shooting that injures   outside Franklin High School,-1
   year old found driving stolen car in N  Portland,-1
   cats at Silverton cat rescue die in fire,-1
Police  Idaho slaying suspect s DNA found at crime scene,-1
Demolition begins on fire ravaged Portland church,-1
Headline,label
Musk asks to have upcoming fraud trial with Tesla shareholders moved to Texas   claiming San Francisco jurors will be bias against him after he sacked of     of Twitter workers,-1
Legendary journalist Bernard Kalb dies aged      Reporter whose career spanned six decades dies at Maryland home,0
 He really stayed secluded   Idaho murder suspect Bryan Kohberger was  overweight and bullied in high school before becoming a self destructive heroin addict   former friends reveal,-1
Texas Gov  Abbott hands Biden a frosty welcome letter as the president arrives at border  blasting him for visiting  SANITIZED  El Paso and demanding more action to tackle illegal immigration,-1
Harry tells of his delight of Lady Susan Hussey and Ngozi Fulani reconciling over their racism row   as he uses his TV interview to say HE wants accountability from his relatives,0
Son of Romeo and Juliet director accused by its stars of sexually exploiting them in     m lawsuit says one went to his dead dad s funeral   while the other worked with the director on other movies,-1
TOP US SPORTS STORIES,0
Cell phone video game that helps wean ADHD children off Adderall could be downloadable in US in MONTHS   amid over prescription crisis,-1
Prince Harry s millionaire polo playing pal Nacho Figueras looks dapper as he attends the Magic Millions with wife Delfina Blaquier in Australia,0
The world s    most isolated homes  From Australian mountain retreat to Georgian villa on top of a limestone monolith and Icelandic bolthole where your only neighbours are puffins,0
Prince Harry says he and William used to SHOOT each other with BB guns as children and would have fought him back in Nottingham Cottage fracas if he  hadn t have been in therapy ,-1
 You don t think you owe me that    Brazen woman tries to get her date   who showed up     hours late   to buy food for her kids,0
 My family helped to drive out Meghan   Harry launches extraordinary new attack on the Royal family  branding them  abusers  in TV book interview likened to taking a  flame thrower to them ,-1
GOP Rep  Dan Crenshaw apologizes for branding the    Republican rebels who opposed Kevin McCarthy s Speakership bid as  terrorists ,-1
Democrats are SPLIT over Biden s new border policies that keeps Title    but flies in        migrants every month   as president prepares to visit border for the first time,0
Biden lands in Mexico for  Three Amigos  summit after his three hour tour of the border   with plans act on immigration and illegal drugs following government arrest of kingpin  El Chapo  Guzman s son in violent clash,-1
Alejandro Mayorkas rebuffs GOP calls for him to resign over disastrous response to migration crisis   but DHS Secretary says he still has  a lot of work to do  at the southern border,-1
Chinese megastar actress denies abusing two children born to Colorado surrogates  Told TV producer ex husband she wanted them aborted after they split while surrogates were expecting,-1
LIVE            Lions     Packers   NFL LIVE  It s win and in for Aaron Rodgers in HUGE final day showdown in Green Bay  as Detroit looks to be playoff spoilers at Lambeau Field,1
Happiness is  making every minute count  There s a simple science to contentment   it s about reframing your time around life s little pleasures,1
Harry is accused of turning the Royal Family  into an episode of the Kardashians  as social media explodes at ITV interview   questioning why the Duke is calling for his privacy in tell all chat,-1
Can you spot the sniper    before he shoots you  Nerve shredding video challenges viewers to catch killer in the woods before your time runs out,-1
Mediterranean diet may help solve fertility issues by improving sperm quality  research suggests,1
Royal family were  horrible  to him on the day the Queen died  Harry claims in score settling ITV interview,-1
Andrew Tate s social media account declares the  Matrix has attacked me  after reports he may have been  taken to hospital  after arriving in prison,-1
From high fashion in Paris    to lowly fruit sellers of Lebanon  Pioneering photographer Marilyn Stafford s life in pictures after her death aged   ,-1
Is a cocktail candle the key to Dry January  With booze the new home fragrance trend HELEN MCGINN gives her verdict on the best buys,1
Crisis  what crisis  El Paso CLEARS migrant camps before Biden s first border trip,-1
Chip Roy does NOT rule out taking Speaker s gavel from Kevin McCarthy if a clean debt ceiling increase comes to the House floor,1
New Western firepower outgunning Putin  How Russian raw recruits are losing to Ukraine s modern tech   and Kyiv could  win the war this year  if Moscow doesn t  get its act together ,-1
Republican Rep  Nancy Mace labels Speakership debacle a  food fight  and goes after controversial GOP colleagues  Calls Matt Gaetz a  fraud  and says George Santos  cannot be trusted ,-1
Moment customer shoots and kills robber who held up Houston restaurant with fake gun  Cops search for vigilante who fired eight bullets into thief s back and one  execution style  into his head,-1
 You should never put your hands on a woman   MMA star Dustin Poirier condemns Dana White after footage emerged of the UFC President slapping his wife during New Year s Eve party,0
Hundreds of migrants who have just stepped foot in the US CHEER as Biden thunders past    but President is oblivious to their presence after illegal immigrants are cleared from the path of his three hour Texas visit,-1
 The weight of the world was lifted off our shoulder   Sister of murdered University of Idaho student Kaylee Goncalves breaks her silence to share relief after Bryan Kohberger was arrested   calls suspected killer  true evil ,-1
 I don t see it as cutting at all   Prince Harry brazenly insists he  NEVER intended to hurt his family    despite launching dozens of brutal attacks on royals in explosive memoir and on TV,-1
Forty people die and    are injured after two buses crash in a head on collision overnight in Senegal  government says,-1
Harry and Meghan s    page rebuttal of bullying claims  Prince rails against royal staff  lies  about his wife in book   and reveals couple filed hefty report  full of evidence  to challenge claims,-1
Damsels in distress save the day  Mattel reveals new line of princess dolls after winning back Disney contract it lost   as firm turns profit again by focusing on  making good toys  kids actually want,1
King Charles s niece Zara Tindall shows off her silky polo skills at glitzy Magic Millions tournament in Australia   as husband Mike rubs shoulders with Hollywood actor Chris Hemsworth,0
Trio of thieves swipe          in CASH after distracting a Brink s truck driver outside Chase Bank in Brooklyn,-1
Patriots       Bills  Nyheim Hines scores TWO kickoff return touchdowns as Buffalo close the regular season with a victory and Damar Hamlin watches his team win in style from hospital,1
To quote her Majesty    recollections may vary  The South Africa trip where he met the Spice Girls  and the history teacher who mocked him at prep school  Prince Harry s version of events is very different to what ROBERT HARDMAN has unearthed,-1
M gan debuts with a strong       million at the box office    but it can t dethrone Avatar  The Way of Water which wins for a fourth straight week,1
Eight Is Enough star Adam Rich  who retreated from Hollywood after success as a child star  is found dead inside his LA home aged    after years battling alcoholism,0
 You should be exemplary and not marry your teacher    President Macron laughs off ribbing from autistic journalists about his wife Brigitte,1
China ends quarantine requirements for inbound travellers as the country climbs down from hardline zero Covid strategy   despite surge in cases,0
Prince Harry s old pals may break their silence over book revelations after years of loyalty,1
 I see a lack of scrutiny to my family towards a lot of things   Prince Harry says his relatives have avoided accountability in bitter broadside,-1
Prince Harry says flying Apache helicopters and  shooting  enemies from the skies helped to  heal  trauma of Diana s death and turned his  pain into purpose    after revealing in Spare that he killed    Taliban fighters,-1
RICHARD KAY  Why I m certain Princess Diana would have been appalled at the petty vindictiveness of Prince Harry s grievances,-1
 Lock him up   Furious protesters besiege liar GOP Congressman George Santos  office and demand he s JAILED for fake resume  as he s accused of flashing racist symbol and lying that mom was      victim,-1
This portable handheld vacuum is just slightly larger than a standard water bottle   and you can now save     on this mini but mighty tool that s great for small messes and car touchups,1
Rising American MMA star Victoria  The Prodigy  Lee dies at the age of    with her ONE world champion sister  Angela  paying tribute to the  most beautiful girl  inside and out ,1
Five people are found dead in North Carolina murder suicide   including three children   after neighbors heard people  screaming  down the street after  escaping  from the house,-1
Art swindler husband of missing Massachusetts mother of three is ARRESTED and charged with  misleading police  in the search for his wife,-1
 I m a wear wolf  Japanese man spends         on  ultra realistic  animal costume to fulfil his dream of living like a wild predator,1
Inside Cristiano Ronaldo s first Saudi home      m a year star is staying in a lavish suite at Riyadh s Four Seasons hotel and will rack up a          bill in a MONTH    with his entourage taking up    ROOMS ,0
Unseasonably warm temperatures and lack of snow forces some popular ski resorts in the Northeast to temporarily close,1
Prince Harry says taking psychedelic DRUGS helped him deal with  trauma  of Princess Diana s death  Reveals he used potent ayahuasca and magic mushrooms to  clear the misery of loss ,-1
Two men riding snowmobiles are killed in fatal avalanche on Colorado mountain after being buried under   in of snow,-1
Dramatic moment Hawaiian glass bottom boat CEO      is arrested while trying to flee on rickety vessel with bag full of cash  after conning investors out of    m he blew on luxuries including a Mercedes and weed ,-1
Harry says Prince William believed their mother Princess Diana was ALIVE for years  Reveals they  talked about  idea that she d just  disappeared  and would one day come back for them,1
Moscow launches  retaliatory strike  which it claims  killed     Ukrainian servicemen  after    Russian troops were wiped out in a New Year s attack,-1
Oscar Cainer  Start      with optimism and hope  Don t miss your year ahead forecast,1
Tom Brady breaks his own record for most completions in a season    but the Buccaneers FALL to the lowly Atlanta Falcons       with Tampa Bay turning their focus to the playoffs,-1
California braces for THREE more storms after battering from bomb cyclone left more than    K without power and two dead  LA will get a further three inches of rain and San Francisco faces flooding after eight,-1
Porn star Ron Jeremy      to be declared incompetent in his rape trial due to his  severe dementia   He faces    sexual assault claims   spanning two decades   from    different women who were as young as aged   ,-1
Harry s squabbles over parking spots    and his complaint that he was  half buried  in his palace flat  Spare reveals how he turns mundane irritations into slights Duke harbours for decades,-1
Commanding     of Republicans still want to see their lawmakers exhibit loyalty to Donald Trump while   in    say they prefer candidate who back ex president s election fraud claims  Poll,0
Brazilian cops speed through protestors in police car as rioters who stormed nation s Congress in January  th style attack are marched out in handcuffs   and man moons inside senate chamber,-1
Prince Harry hints he and Meghan will NEVER give up their royal titles  boldly asking during explosive    Minutes interview   What difference would that make  ,1
Prince Harry s private secretary showed him pictures of Diana in her car crash after the young Royal asked for evidence she had died,-1
Steelers are SLAMMED after players celebrate a sack by performing mock  CPR  on linebacker Alex Highsmith   days after Damar Hamlin had a cardiac arrest,0
GOP Rep  George Santos signals he has NO PLANS to step aside amid protests over his myriad lies and says  Congress is not about my personal life ,-1
Brunches to keep you full all day  Skip breakfast and you can enjoy one of these delicious feasts while seeing the pounds fall off   ,1
The hidden toxins in your favorite foods and treats REVEALED  From heavy metals in dark chocolate to lighter fluid in chicken nuggets,1
Royal expert calls out  weird  detail in Prince Harry s account of his troubled relationship with Camilla Parker Bowles  after he described her in Spare as a  wicked stepmother  and begged Charles not to marry her,-1
Moment killer pit bull is loaded into police van and taken away to be euthanized after mauling girl     to death as she played in relative s yard near dog owner s home,-1
Martina Navratilova looks solemn as she s seen for the first time since announcing throat and breast cancer diagnosis,-1
Prince Harry shows anger and resentment talking about  certain members of his family  during incendiary ITV interview  body language expert reveals,-1
 Feminist  Prince Harry is branded  disrespectful  to women  Duke  made crass joke about    year old British woman he spent the night with during Swiss ski trip with friends aged    ,1
Harry claims William and Kate  stereotyping  Meghan as a  biracial American actress  meant she was not welcomed as a Royal,-1
 The word  cancer  came as a shock    I embrace the fight   Chicago White Sox pitcher Liam Hendriks      announces he has Non Hodgkin s Lymphoma and begins treatment on Monday,-1
President Eisenhower s signed copy of Nazi surrender document that ended WWII on sale at US auction for     M,0
New Jersey woman sentenced to three years behind bars for aiding ex boyfriend in     k GoFundMe scam to help Philadelphia homeless veteran who  gave her his last      for gas money,-1
 Camilla was dangerous   Prince Harry launches blistering attack on Queen Consort  branding her a  VILLAIN  and claiming her  need to rehabilitate her image  after affair with Charles would leave  bodies in street   in explosive CBS interview,-1
Professor is FIRED after showing a   th century painting of the Prophet Muhammad to students at Hamline University  Muslim student   who at first did not object   later complained and said incident was an attack on her religion,-1
Sir Paul McCartney      was nearly HIT by a car at the zebra crossing where the Beatles iconic Abbey Road album cover was photographed,0
Invictus Games organisers should distance themselves from Prince Harry after furore over Taliban revelation  PR guru says,0
PICTURED  Alabama woman      who died when her horse bucked and threw her off at Florida rodeo after competing in barrel race,-1
Prince Harry reveals he used to watch videos of his mother Princess Diana online in a desperate attempt to CRY about her death   as he admits guilt at not being able to shed a tear for her,-1
Prince Harry modestly declares his Spare memoir is  essential for historical fact and significance  in    minute ITV interview to plug book,1
 People have had plenty of reasons to complain about us    sex crimes weren t one of them   Prince Harry becomes first royal to publicly address Prince Andrew s links to Jeffrey Epstein,-1
Hogging the credit for Mickey Mouse  a staff orgy after Snow White s success  and claims of sexism and racism    As the magical film studio turns      here are some of the things you may not have known about the not so wonderful world of Disney,-1
Walmart widower      retires after viral TikTok video helped raise          for him  Maryland Army veteran says he feels like a  new man  after sweet gesture,1
HOW I HIT ON THE ULTIMATE HIGH  Reluctant gym goer Kate Spicer decided  aged     to do something about her  Olive Oyl  physique   so started lifting weights  She quickly discovered a wealth of healthy side effects,1
Prince Harry claims he was  not invited  to travel on plane to Balmoral with William and other royals to say goodbye to the Queen before she died   despite  asking his brother for plans ,-1
 Kim was in tears   but she admitted there was a sex tape    Insiders recall the moment Kim Kardashian discovered her X rated video was online  but cynics claim she was urged to make it by Paris Hilton,0
The changing shape of soccer players  From     pound behemoth William  Fatty  Foulke s heyday at the turn of the   th century to the diminutive genius Lionel Messi  how players  physiques have evolved over time,0
Damar Hamlin shares the FIRST image of himself from his hospital bed in Cincinnati as he tweets OMFG while watching his Bills teammates score incredible    YARD kickoff return touchdown,1
Prince William will NOT speak out about Harry s allegations against him in his incendiary memoir,0
Grant Wahl s widow Celine Gounder reveals she received vile abuse and DEATH THREATS in the wake of her husband s shock collapse in Qatar,-1
 One of the best small appliances I ve ever purchased   Over        shoppers swear by this     Hamilton Beach dual breakfast sandwich maker,1
Headline,label
The best stylish gifts for the men on your      holiday list,1
   fitness deals from Amazon s New Year Sale to get your blood pumping,1
REBNY gala to return to seated affair in     ,0
Prince Harry   Villain  Camilla s need to  rehabilitate her image  was  dangerous ,-1
Chick fil A urges customers to take action  investigates  fraudulent activity  on mobile app accounts,-1
Old NASA satellite falling from sky this weekend,0
Shawn Mendes ditches signature curls for new shaved  do,0
Letters to the Editor   Jan         ,0
Lip service Larsa Pippen  Marcus Jordan pack on the PDA during Miami date night,0
Dolly Parton joins  Call me Kat  to pay tribute to Leslie Jordan,0
Swearing in Boebert accused of cursing at Marjorie Taylor Greene during House speaker vote,-1
Sealed the deal  Selling Tampa  star officially engaged to Chad  Ochocinco  Johnson,1
The    best treadmills to upgrade your home gym in     ,1
NY Post Sports Columnist Mark Cannizzaro talks Bills vs Patriots game as Damar Hamlin was honored,1
Where is the snow  Many regions dealing with warm  dry winter as season hits midpoint,0
 Was right in our fingertips   Jets coach apologizes for team s collapse,0
A tale of two fights  Hamlin shows the best of us  Congress not so much,1
Abbott says Biden border visit is  too little  too late  in hand delivered letter   Secure our border ,1
Heroes  zeros from Jets  loss to Dolphins  Coordinator had another brutal day,-1
Fumble Aaron Hernandez s fianc e accused of wasting daughter s trust fund,0
Our Scholars Contest for High School students in the New York area is open  Enter Now,0
 So f ked up  EmRata curses Ellen DeGeneres after Taylor Swift interview resurfaces,0
I got a      Chanel goodie bag from an NYC hospital after giving birth,1
The    best celestial themed luxury gifts for women,1
Celine Dion fans protest at Rolling Stone offices after snub  crime ,-1
Cynical El Paso cleanup before Biden s visit perfectly sums up his pathetic border policy,-1
Sephora announces its      birthday gift offerings  and we re already celebrating,1
Prince Harry accuses royal family of going  to bed with the devil  to help their image in new interview,-1
Giants Week    report card  These reserves hold their own,0
Manhattan leasing data shows significant dip in      s fourth quarter,0
History repeats Bolsonaro supporters storm Brazil s capital city in Jan    style attack,0
Heroes  zeros from Giants  loss to Eagles  Special teams can t cash in,1
Famed photographer lists stunning     M NYC co op,1
Twitter employees battling misinformation among latest layoffs since Musk takeover,-1
Fresh bad news for kids makes pot legalization look even worse,-1
Hamline University professor fired for showing images of Muhammad had warned students in syllabus,-1
Hear this Jordan Peele bought Corey Feldman s prosthetic ear from  Stand by Me ,0
Why Mets remain Carlos Correa s most likely landing spot,0
Trending in Sports,0
ConEd bilked the MTA on electric bills for years   to the tune of at least   M  IG,0
Knicks expecting these two key players back in the lineup,0
Accuser Evelyn Yang expects  fuller extent  of Columbia OBGYN s sex crimes to be exposed at trial,0
Two shot in NYC as suspects hit pedestrian with car while fleeing  cops,-1
Nonprofit CompletePlayground settles in FiDi  signs    year lease,0
How Biden s failed death penalty campaign promise paved way for this NYC capital murder case,-1
The Post s Steve Cuozzo recalls    years on the job,0
Bag  em up NYC grocers demand clampdown on shoplifters as violent heists escalate,-1
Ex Virginia Tech soccer player who refused BLM kneel gets     K in settlement,-1
Pregnant Keke Palmer says she  can t wait  to get her hands on her baby,0
NY COVID deaths spiked     in December  most since early       Pandemic is not over ,0
The best of everything from The Post,1
Woman eating raw salmon disgusts fellow bus riders,-1
The encouraging reality around Giants entering playoffs,1
Idaho murder arrest,-1
 Catfishing  cop had history of messaging underage girls,0
Joy Behar Weighs in on Prince Harry Drama on  The View    The Royal Family Treats Meghan Markle Like Yoko Ono ,1
Robert Saleh assesses the Jets season after their      loss to the Dolphins,-1
Tex mess Biden spends only three hours in El Paso in first border visit as president,-1
Hochul personally  putting the screws  to NY Dems as she tries to salvage top judge pick,0
Migrants plead with El Paso cops as they re rounded up ahead of Biden visit  Video,0
TikToker claims they found a  Titanic  easter egg in Disney s  Frozen ,0
Highest ice skating rink in NYC to open in Hudson Yards this month,0
Self care essentials for the new year  Shop Now,1
This week s critical moment for Biden to act on China s threat,-1
Gunman threatens MTA bus driver who demanded he pay,-1
Andrew Tate possibly hospitalized in Romania,0
If I get caught lying on my resume  will I get fired ,-1
Larsa Pippen  Marcus Jordan pack on the PDA during Miami date night,0
Police plane circled alleged Idaho killer s Pa  home for hours  records,-1
The best new skin care and beauty tools you can use at home,1
Prince Harry on  villain  Camilla  I was  body  stepmom left in street to rehab image,-1
In plain sight Online sleuths claim Idaho murder suspect attended vigil held for four victims,-1
Orthodontist charged after allegedly soliciting minors for nude photos  possessing child porn,0
Teachers remember   year old girl mauled to death by pitbull,-1
For Damar  It was spiritual   Bills honor injured Hamlin with emotional win over Patriots,1
Nets edge out win as potential Kevin Durant injury nightmare looms,0
 M GAN  slashed way to No    in box office debut,-1
Biden s box check border bop by  Democracy is a worthy investment and more commentary,1
Common sense  No nonsense,-1
White Sox star closer to start cancer treatment,-1
LSU gymnast asks fans to  be respectful  after wild scene,1
Gone girl Husband of missing Massachusetts mom arrested for misleading cops,-1
Virginia mayor says   year old s shooting of teacher is  red flag for the country ,0
Miami s best new hotels for     ,1
Prince Harry s     Minutes  interview bombshells  Drugs  racism  violence,-1
Kevin Durant forced out of Nets game with apparent knee injury,-1
Never Miss a Story,0
These smart apps can make your work life easier,1
Feline frisky Curtis Sliwa tries to convince mayor s Brooklyn neighbors to use feral cats to combat rats,0
This     M amenity packed Las Vegas mansion also has a gun range,-1
  NYC hospitals dodge nurse strike as others prep for  really bad situation ,-1
 Eight Is Enough  star Adam Rich dead at   ,0
California architect Scott Johnson buys grand NYC pad for      M,1
Prince Harry admits he still questions Princess Diana s  unexplained  death,-1
Flip for back cover,0
Damar Hamlin s  Did We Win   shirts raising money for first responders  hospital,1
Prince Harry  William  snapped  in physical fight that caused  nasty  cuts,-1
Dinner with the top two Adams in NYC  Mayor sits down with Cindy,0
 Eight is Enough  star Adam Rich dead at   ,0
I gave myself a manicure   and ended up in the emergency room,-1
Smells like teen spirit LSU gymnast asks fans to  be respectful  after wild scene,1
Front Cover             Back Cover,0
Here s the full squeeze on the best juice cleanses of     ,1
NYC grocers  simple fix for serial shoplifters  Will lawmakers listen ,0
Mayor Adams needs to follow up on his road safety success,1
How to unlock an Apple device when its owner dies,0
Seattle public schools sue Big Tech for  creating  youth mental health crisis,-1
Miami s hottest restaurants for     ,0
Amazon workers joke about potential Jeff Bezos comeback   Return of the King ,1
Always wanted to mint NFTs  This masterclass for artists and entrepreneurs  is     off,0
Prince Harry admits to  drinking heavily   using hard drugs on     Minutes ,0
Power up with this deal on a MagStack   in   Charging Station  now     off,0
City Council to embrace sanity on cost saving retiree health plan,1
Clean your shirts  veggies  jewelry  and more with the Sonic Soak Ultrasonic Cleaner  now     off,1
Alexa  cls   fill  fff ,0
Lindy Ruff  Damon Severson  Jesper Bratt and Jack Hughes talk Devils      win over Rangers,0
   Cent and Eminem say they are developing    Mile  TV series,0
 Just awestruck   Jane Fonda  weak in the knees  when she met Tom Brady,-1
Jets players workout in Damar Hamlin jerseys prior to Dolphins game,0
Congress dithered while US withered,0
Spend less than    on a bottle of wine with this    bottle bundle from Wine Insiders  now just    ,0
Erin Andrews goes off on  a hole  reporters who treat athletes like  animals ,1
Cops  very concerned  about missing Pa  mom who failed to pick up son from bus stop,-1
Trio swipes     K after distracting Brink s truck driver in NYC,-1
Fugitive on FBI s top ten most wanted list captured in Mexico  reports,0
House GOP readies probes into Biden  Big Tech censorship,0
Dear Abby  Can I invite two friends who hate each other to my party ,1
Racist spews hate at Asian man during random umbrella attack in NYC,-1
NFL coach fired after just one season,-1
Packing heat Customer shoots and kills armed robber at Houston restaurant,-1
Knicks star making biggest impact in the clutch as team s closer,0
Ran outta juice  Looking to lose a little weight  Raw Generation s Signature Reset can help,0
Royals set up a  war room  over fears from Harry s bombshell  Spare  memoir,-1
Elon Musk asks judge to move shareholder s lawsuit from San Francisco to Texas for fair trial,0
 Bot to handle   AI porn group booted from Kickstarter after raising nearly    K,0
Woke brain drain Parents say their kids were brainwashed at school  seek deprogrammers,0
Surviving roommate was  scared to death  seeing accused Idaho killer in house  lawyer,-1
We ordered and reviewed    different meal kit brands for     ,0
Women over    keeping it sexy with this hot trend   I do like showing off ,1
Now on     Decider,0
Trolls call out  shallow  Alec Baldwin after Hilaria reaches  M Instagram followers,0
I started dating a sex doll after my fiancee left   and introduced her to my mom,0
Kris Jenner  heartbroken  over Tristan Thompson s mom s  sudden  death,-1
NYC man allegedly stabbed stranger in heart after attacking neighbor,-1
Looking ahead Giants backups feisty in loss to Eagles as attention turns to playoffs,-1
First choice Why Mets remain Carlos Correa s most likely landing spot,0
See All Columnists,0
Cry uncle Prince Harry slams Prince Andrew over  embarassing  Epstein ties in new memoir,-1
 Boy Meets World  ingenue turned porn star says Disneyland dads ogle her,0
Steelers perform CPR celebration days after Damar Hamlin collapse   Yikes ,-1
GOP clowns are aiding the Democrats  biz agenda,0
Viral TikTok hack using eggs to remove blackheads can be dangerous  skincare experts,-1
Bills  fans open arms with moving celebration of Damar Hamlin   City is a family ,0
NYC accused of allowing unqualified laborers to work on building gas lines   Public safety time bomb ,-1
Jets Week    report card  Not a good look for Robert Saleh,-1
Mom of Uvalde school shooter jailed for making death threats  reports,-1
Charles Barkley mocks Skip Bayless  Shannon Sharpe feud,-1
Try the e edition   paper format  online ease     days free with code NYPOST,1
The stats that tell tale of Rangers  season so far,0
Teen loses    K after falling for phone scam  left with  nothing to her name ,-1
NJ art teacher overdoses on fentanyl in front of middle school students,0
Emily Ratajkowski slams Ellen DeGeneres for  f ked up  Taylor Swift interview,0
If you don t want it on Page Six  don t do it ,0
Headline,label
Oregon women s basketball leading scorer Grace VanSlooten hurts right foot in loss to Arizona,-1
Winterhawks rolled by East leaders Winnipeg     ,0
Your Regional News Pages,0
Portland Japanese Garden brings in the New Year with tea ceremony and dance,0
Seattle Seahawks beat Rams       in overtime  then earn spot in NFL playoffs after Lions beat Packers,0
Buffalo Bills win for Damar Hamlin and eliminate New England Patriots from playoffs,1
CES products range from flashy to creepy to cool     highlights,1
Workforce participation remains depressed  especially in rural Oregon,-1
Brock Purdy  San Francisco   ers roll Arizona Cardinals for   th consecutive win,1
Hidden glass float schedule released for      in Lincoln City,0
Teaching children to read  Which districts use phonics based programs,0
Ask Extension  I found a praying mantis egg case  Should I move it ,1
Latest Twitter cuts involve eliminating even more staff in content moderation,-1
Romance novelist who faked suicide reemerges online,0
Nude photo and sex texts sent to student lead to Vancouver teacher s arrest  police say,-1
NFL playoffs  Busy Week    slate will decide playoff field,0
See the most expensive home for sale in each of Oregon s    counties,0
Oregon women s basketball guard Ahlise Hurst cleared to return from left leg injury,-1
Circles in the Sand schedule released for      on southern Oregon coast,0
What TV channel is Commanders vs Cowboys today  Free live stream  prediction  odds  time  how to watch Washington vs Dallas online           ,1
No  Hooters is not closing because of  millennials ,-1
Green Bay Packers vs Detroit Lions free live stream  score  odds  time  TV channel  how to watch Sunday Night Football online           ,1
  men arrested after running from Portland police,-1
New fast spreading COVID    variant with creepy nickname  What we know,0
Liz Weston  I want to leave my home to a friend when I die  What s the best way ,1
What TV channel is North Dakota State vs South Dakota State football on today  Live stream  odds,0
Betty Jean Lee  who led the family business that introduced Chinese takeout to Portland  dies at   ,0
Already a Subscriber,0
Wrestling  Vale s Ava Collins stuns nationally ranked opponent in Idaho s Rollie Lane Invitational,0
Georgia Bulldogs look to launch dynasty against TCU in College Football Playoff championship game,1
NFL playoffs  Dolphins  Jaguars back  Patriots head home,0
Russell Wilson  Denver Broncos beat Justin Herbert  playoff bound Chargers      ,0
After chaotic vote for speaker  Oregon Republican Lori Chavez DeRemer happy to be sworn in,0
Silverton house fire kills    cats,-1
Preservationists say windows at former Portland Korean Church are worth saving  Are they Povey Brothers glass ,0
Dear Annie  Mom considers cutting off allowance of    year old bully son,-1
Trail Blazers lose         at Toronto Raptors  fall below      for  st time this season  At the buzzer,-1
SAIF says data breach may have compromised Social Security numbers  medical information,1
Northwest Travel Guide          places to thrill you and chill you out,1
Never opened      million plus biofuels refinery facing foreclosure in southern Oregon,0
Too many Oregon children can t read  Should districts be forced to drop discredited curriculum ,-1
Tacoma guaranteed income program shows how much it can help,1
Oregon Ducks defensive lineman Brandon Dorlus returning in     ,0
Portland pedestrian killed on SE Division identified  second fatal crash of     ,-1
READ MORE TOP NEWS ,1
More on OregonLive com,0
Footer Navigation,0
Boy     intentionally shot teacher at school  police say,0
Oregon State  Raegan Beers too much as Beavers whip Arizona State       in women s basketball,0
Portland s Sunday showers turn to rain Monday  highs in the low   s,-1
Storms continue to batter California in  relentless parade ,0
A newly discovered comet will be visible in the night sky this month,0
Let s go eat absurdly inexpensive Cantonese food at Fortune BBQ,0
School resumes Monday at Portland s Franklin High  site of parking lot shooting,0
Oregon women s basketball commits    turnovers in loss at Arizona,-1
Beignet bummer  NOLA Doughnuts closes all Portland area locations,-1
Supporters of former president storm Brazil s top government offices,1
Kate Brown  Unpopular governor leaves legacy of COVID safety  clemency  climate regulation  but also disappointment,-1
Arizona State linebacker Connor Soelle commits to transfer to Oregon Ducks,0
Basketball game at Franklin High School postponed after parking lot shooting injures  ,0
Cincinnati Bengals beat Baltimore Ravens to avoid coin flip  set up home rematch,-1
Clear Creek Distillery founder dies  a final toast to Steve McCarthy  Steve Duin column,1
Former Multnomah County Animal Services staff  volunteers say deep rooted problems have led to years of animal neglect,-1
   year old caught driving stolen car through North Portland  police say,-1
Chicago Bears land No    pick in NFL Draft after Houston Texans rally for win at Indianapolis,1
Want to get rid of moss in your landscape  Not so fast  Ask Extension,0
Tesla crash off cliff shatters idyllic image of California doctor s family,-1
Bill Monroe  Some of the Oregon State Police Fish and Wildlife Division s encounters are stranger than fiction,0
This Portland pizzeria is No    on a list of the world s best pizzas,1
Rewinding Oregon women s basketball s       loss to Arizona,-1
Eugene based author Cai Emmons  who wrote about living with a fatal ALS diagnosis  dies at   ,-1
Oregonians to receive     million in unclaimed money,0
N Faly Dante  Will Richardson lead Oregon men s basketball to upset at Utah  keep Ducks  postseason hopes alive,1
Singer Woody Guthrie s rented flat in Lents is for sale  his Portland legacy remains,0
Dear Doctor  Are all the medications I take suppressing my dream sleep ,1
Oregon Ducks coach Dan Lanning gets portrait tattoo of wife Sauphia with several meaningful symbols,1
