Headline,label
Joanne B  Freeman,1
Phoenix Police Investigate Their Detention of a Wall Street Journal Reporter,-1
It s Tempting to Laugh at McCarthy s Struggles  but What Just Happened in the House Is Not a Joke,0
At some tech companies  engineers are also becoming bloggers ,0
The Editorial Board,0
For years  Jair Bolsonaro attacked Brazil s voting systems  undermining faith in the nation s elections   From October ,-1
Biden Visits Southern Border Amid Fresh Crackdown on Migrants,1
Brazilian Authorities Clear Government Offices After Riots  Official Says,0
What Are Your Reading Goals for      ,0
A Mexican TV Anchor Departs  Will Dispassionate Coverage Go With Her ,0
Extreme Winds Knock Out Power in Sacramento as California Faces More Storms,0
What Went Unsaid in the Chief Justice s Report on the Judiciary,1
   of Our Favorite Facts of     ,1
Prince Harry and the Value of Silence,1
How a Mobile App Set T C U  s Dream Season in Motion,0
Listen to the  Hard Fork  Podcast,0
Kentucky s Basketball Team Stinks  as Saturday Made Clear,0
The Best First Wordle Words,1
When the Camera Can t Turn Away  These Women Force Us to Listen,0
Bernard Kalb  Veteran Foreign Correspondent  Is Dead at    ,-1
How Does a Family Change After Losing a Child ,-1
This Sport Has Devastated People s Lives  What Do Fans Owe Them ,-1
The size of Sun Ra s discography can be intimidating  These five minutes will make you fall in love ,1
Two Snowmobilers Killed in Colorado Avalanche,-1
Why Small Talk Has Big Benefits,1
Kevin McCarthy and the Return of the Pre Trump G O P ,0
 She Comes Back to Where She Belongs ,0
Volunteers Seeking Revenge Against Russia Join the Fight in Ukraine,-1
As news about Damar Hamlin s recovery has grown more hopeful  anguish in his hometown has turned to  happy tears  ,1
Biden s Visit to the Border Is Bound to Be Awkward,0
Tracking the Coronavirus  ,0
Site Information Navigation,0
A Train Mix Up and an Unexpected Bond,0
Facing various investigations from his time in office  Jair Bolsonaro is believed to be holed up in Florida ,0
Grant Wahl Was a Loving Husband  I Will Always Protect His Legacy ,1
Woman in GoFundMe Scam Gets   Years in New Jersey Prison,-1
Bus Crash in Senegal Kills at Least   ,-1
Tom Brady Isn t Ready to Discuss His N F L  Future,1
 I Don t Get Lost Anymore   Migrants in New York Struggle  and Settle In,-1
For the Bills and Their Fans  Catharsis Is the Real Win,1
What We Learned From Prince Harry s Interviews,0
Republicans Prepare New Rules  but Fixing Congress Isn t So Easy,1
These videos show how rioters managed to storm government buildings in Brazil s capital ,0
Why Are Americans Buying Into Harry and Meghan ,0
Damar Hamlin and What CPR Can and Cannot Do,0
Read the Cooking Newsletter,0
Russell Banks  Novelist Steeped in the Working Class  Dies at   ,0
House Republicans Preparing Broad Inquiry Into F B I  and Security Agencies,1
This Year  Try Organizing Your Life Like a Monk,1
The Secret Power of the   Minute Phone Call,0
Chaos and Concessions as Kevin McCarthy Becomes Speaker,-1
LeBron James Is Fed Up With the State of the Lakers,0
Expensive  Treacherous  Beautiful  The Battle Over Dirt Roads,0
Letters From Our Readers,0
Global hot spots  ,0
The Importance of Work Friends,1
What to See in New York City s Galleries,0
A Surprise at the Top of the      N F L  Draft After Week   ,1
Adam Rich  Who Starred in  Eight Is Enough   Dies at   ,1
As Asian Societies Age   Retirement  Just Means More Work,0
A Lecturer Showed a Painting of the Prophet Muhammad  She Lost Her Job ,-1
California Could Capture Its Destructive Floodwaters to Fight Drought,-1
Cincinnati ended the regular season on a positive note  a week after Buffalo s Damar Hamlin collapsed on their home field ,1
The Republicans Are Putting Trump Out to Pasture,0
How Stingers Give Male Wasps Some Sexual Equality,0
Take the Quiz  How Strong Are Your Relationships ,1
Tish Harrison Warren,0
The    Best Movies on Netflix Right Now,1
Don t Cancel Those Plans,0
The Dystopia We Fear Is Keeping Us From the Utopia We Deserve,-1
N F L  Playoff Picture  Who s In and Who s Out ,0
A Promising New Path to Protect Abortion Access,1
