Headline,label
The best stylish gifts for the men on your      holiday list,1
   fitness deals from Amazon s New Year Sale to get your blood pumping,1
REBNY gala to return to seated affair in     ,0
Prince Harry   Villain  Camilla s need to  rehabilitate her image  was  dangerous ,-1
Chick fil A urges customers to take action  investigates  fraudulent activity  on mobile app accounts,-1
Old NASA satellite falling from sky this weekend,0
Shawn Mendes ditches signature curls for new shaved  do,0
Letters to the Editor   Jan         ,0
Lip service Larsa Pippen  Marcus Jordan pack on the PDA during Miami date night,0
Dolly Parton joins  Call me Kat  to pay tribute to Leslie Jordan,0
Swearing in Boebert accused of cursing at Marjorie Taylor Greene during House speaker vote,-1
Sealed the deal  Selling Tampa  star officially engaged to Chad  Ochocinco  Johnson,1
The    best treadmills to upgrade your home gym in     ,1
NY Post Sports Columnist Mark Cannizzaro talks Bills vs Patriots game as Damar Hamlin was honored,1
Where is the snow  Many regions dealing with warm  dry winter as season hits midpoint,0
 Was right in our fingertips   Jets coach apologizes for team s collapse,0
A tale of two fights  Hamlin shows the best of us  Congress not so much,1
Abbott says Biden border visit is  too little  too late  in hand delivered letter   Secure our border ,1
Heroes  zeros from Jets  loss to Dolphins  Coordinator had another brutal day,-1
Fumble Aaron Hernandez s fianc e accused of wasting daughter s trust fund,0
Our Scholars Contest for High School students in the New York area is open  Enter Now,0
 So f ked up  EmRata curses Ellen DeGeneres after Taylor Swift interview resurfaces,0
I got a      Chanel goodie bag from an NYC hospital after giving birth,1
The    best celestial themed luxury gifts for women,1
Celine Dion fans protest at Rolling Stone offices after snub  crime ,-1
Cynical El Paso cleanup before Biden s visit perfectly sums up his pathetic border policy,-1
Sephora announces its      birthday gift offerings  and we re already celebrating,1
Prince Harry accuses royal family of going  to bed with the devil  to help their image in new interview,-1
Giants Week    report card  These reserves hold their own,0
Manhattan leasing data shows significant dip in      s fourth quarter,0
History repeats Bolsonaro supporters storm Brazil s capital city in Jan    style attack,0
Heroes  zeros from Giants  loss to Eagles  Special teams can t cash in,1
Famed photographer lists stunning     M NYC co op,1
Twitter employees battling misinformation among latest layoffs since Musk takeover,-1
Fresh bad news for kids makes pot legalization look even worse,-1
Hamline University professor fired for showing images of Muhammad had warned students in syllabus,-1
Hear this Jordan Peele bought Corey Feldman s prosthetic ear from  Stand by Me ,0
Why Mets remain Carlos Correa s most likely landing spot,0
Trending in Sports,0
ConEd bilked the MTA on electric bills for years   to the tune of at least   M  IG,0
Knicks expecting these two key players back in the lineup,0
Accuser Evelyn Yang expects  fuller extent  of Columbia OBGYN s sex crimes to be exposed at trial,0
Two shot in NYC as suspects hit pedestrian with car while fleeing  cops,-1
Nonprofit CompletePlayground settles in FiDi  signs    year lease,0
How Biden s failed death penalty campaign promise paved way for this NYC capital murder case,-1
The Post s Steve Cuozzo recalls    years on the job,0
Bag  em up NYC grocers demand clampdown on shoplifters as violent heists escalate,-1
Ex Virginia Tech soccer player who refused BLM kneel gets     K in settlement,-1
Pregnant Keke Palmer says she  can t wait  to get her hands on her baby,0
NY COVID deaths spiked     in December  most since early       Pandemic is not over ,0
The best of everything from The Post,1
Woman eating raw salmon disgusts fellow bus riders,-1
The encouraging reality around Giants entering playoffs,1
Idaho murder arrest,-1
 Catfishing  cop had history of messaging underage girls,0
Joy Behar Weighs in on Prince Harry Drama on  The View    The Royal Family Treats Meghan Markle Like Yoko Ono ,1
Robert Saleh assesses the Jets season after their      loss to the Dolphins,-1
Tex mess Biden spends only three hours in El Paso in first border visit as president,-1
Hochul personally  putting the screws  to NY Dems as she tries to salvage top judge pick,0
Migrants plead with El Paso cops as they re rounded up ahead of Biden visit  Video,0
TikToker claims they found a  Titanic  easter egg in Disney s  Frozen ,0
Highest ice skating rink in NYC to open in Hudson Yards this month,0
Self care essentials for the new year  Shop Now,1
This week s critical moment for Biden to act on China s threat,-1
Gunman threatens MTA bus driver who demanded he pay,-1
Andrew Tate possibly hospitalized in Romania,0
If I get caught lying on my resume  will I get fired ,-1
Larsa Pippen  Marcus Jordan pack on the PDA during Miami date night,0
Police plane circled alleged Idaho killer s Pa  home for hours  records,-1
The best new skin care and beauty tools you can use at home,1
Prince Harry on  villain  Camilla  I was  body  stepmom left in street to rehab image,-1
In plain sight Online sleuths claim Idaho murder suspect attended vigil held for four victims,-1
Orthodontist charged after allegedly soliciting minors for nude photos  possessing child porn,0
Teachers remember   year old girl mauled to death by pitbull,-1
For Damar  It was spiritual   Bills honor injured Hamlin with emotional win over Patriots,1
Nets edge out win as potential Kevin Durant injury nightmare looms,0
 M GAN  slashed way to No    in box office debut,-1
Biden s box check border bop by  Democracy is a worthy investment and more commentary,1
Common sense  No nonsense,-1
White Sox star closer to start cancer treatment,-1
LSU gymnast asks fans to  be respectful  after wild scene,1
Gone girl Husband of missing Massachusetts mom arrested for misleading cops,-1
Virginia mayor says   year old s shooting of teacher is  red flag for the country ,0
Miami s best new hotels for     ,1
Prince Harry s     Minutes  interview bombshells  Drugs  racism  violence,-1
Kevin Durant forced out of Nets game with apparent knee injury,-1
Never Miss a Story,0
These smart apps can make your work life easier,1
Feline frisky Curtis Sliwa tries to convince mayor s Brooklyn neighbors to use feral cats to combat rats,0
This     M amenity packed Las Vegas mansion also has a gun range,-1
  NYC hospitals dodge nurse strike as others prep for  really bad situation ,-1
 Eight Is Enough  star Adam Rich dead at   ,0
California architect Scott Johnson buys grand NYC pad for      M,1
Prince Harry admits he still questions Princess Diana s  unexplained  death,-1
Flip for back cover,0
Damar Hamlin s  Did We Win   shirts raising money for first responders  hospital,1
Prince Harry  William  snapped  in physical fight that caused  nasty  cuts,-1
Dinner with the top two Adams in NYC  Mayor sits down with Cindy,0
 Eight is Enough  star Adam Rich dead at   ,0
I gave myself a manicure   and ended up in the emergency room,-1
Smells like teen spirit LSU gymnast asks fans to  be respectful  after wild scene,1
Front Cover             Back Cover,0
Here s the full squeeze on the best juice cleanses of     ,1
NYC grocers  simple fix for serial shoplifters  Will lawmakers listen ,0
Mayor Adams needs to follow up on his road safety success,1
How to unlock an Apple device when its owner dies,0
Seattle public schools sue Big Tech for  creating  youth mental health crisis,-1
Miami s hottest restaurants for     ,0
Amazon workers joke about potential Jeff Bezos comeback   Return of the King ,1
Always wanted to mint NFTs  This masterclass for artists and entrepreneurs  is     off,0
Prince Harry admits to  drinking heavily   using hard drugs on     Minutes ,0
Power up with this deal on a MagStack   in   Charging Station  now     off,0
City Council to embrace sanity on cost saving retiree health plan,1
Clean your shirts  veggies  jewelry  and more with the Sonic Soak Ultrasonic Cleaner  now     off,1
Alexa  cls   fill  fff ,0
Lindy Ruff  Damon Severson  Jesper Bratt and Jack Hughes talk Devils      win over Rangers,0
   Cent and Eminem say they are developing    Mile  TV series,0
 Just awestruck   Jane Fonda  weak in the knees  when she met Tom Brady,-1
Jets players workout in Damar Hamlin jerseys prior to Dolphins game,0
Congress dithered while US withered,0
Spend less than    on a bottle of wine with this    bottle bundle from Wine Insiders  now just    ,0
Erin Andrews goes off on  a hole  reporters who treat athletes like  animals ,1
Cops  very concerned  about missing Pa  mom who failed to pick up son from bus stop,-1
Trio swipes     K after distracting Brink s truck driver in NYC,-1
Fugitive on FBI s top ten most wanted list captured in Mexico  reports,0
House GOP readies probes into Biden  Big Tech censorship,0
Dear Abby  Can I invite two friends who hate each other to my party ,1
Racist spews hate at Asian man during random umbrella attack in NYC,-1
NFL coach fired after just one season,-1
Packing heat Customer shoots and kills armed robber at Houston restaurant,-1
Knicks star making biggest impact in the clutch as team s closer,0
Ran outta juice  Looking to lose a little weight  Raw Generation s Signature Reset can help,0
Royals set up a  war room  over fears from Harry s bombshell  Spare  memoir,-1
Elon Musk asks judge to move shareholder s lawsuit from San Francisco to Texas for fair trial,0
 Bot to handle   AI porn group booted from Kickstarter after raising nearly    K,0
Woke brain drain Parents say their kids were brainwashed at school  seek deprogrammers,0
Surviving roommate was  scared to death  seeing accused Idaho killer in house  lawyer,-1
We ordered and reviewed    different meal kit brands for     ,0
Women over    keeping it sexy with this hot trend   I do like showing off ,1
Now on     Decider,0
Trolls call out  shallow  Alec Baldwin after Hilaria reaches  M Instagram followers,0
I started dating a sex doll after my fiancee left   and introduced her to my mom,0
Kris Jenner  heartbroken  over Tristan Thompson s mom s  sudden  death,-1
NYC man allegedly stabbed stranger in heart after attacking neighbor,-1
Looking ahead Giants backups feisty in loss to Eagles as attention turns to playoffs,-1
First choice Why Mets remain Carlos Correa s most likely landing spot,0
See All Columnists,0
Cry uncle Prince Harry slams Prince Andrew over  embarassing  Epstein ties in new memoir,-1
 Boy Meets World  ingenue turned porn star says Disneyland dads ogle her,0
Steelers perform CPR celebration days after Damar Hamlin collapse   Yikes ,-1
GOP clowns are aiding the Democrats  biz agenda,0
Viral TikTok hack using eggs to remove blackheads can be dangerous  skincare experts,-1
Bills  fans open arms with moving celebration of Damar Hamlin   City is a family ,0
NYC accused of allowing unqualified laborers to work on building gas lines   Public safety time bomb ,-1
Jets Week    report card  Not a good look for Robert Saleh,-1
Mom of Uvalde school shooter jailed for making death threats  reports,-1
Charles Barkley mocks Skip Bayless  Shannon Sharpe feud,-1
Try the e edition   paper format  online ease     days free with code NYPOST,1
The stats that tell tale of Rangers  season so far,0
Teen loses    K after falling for phone scam  left with  nothing to her name ,-1
NJ art teacher overdoses on fentanyl in front of middle school students,0
Emily Ratajkowski slams Ellen DeGeneres for  f ked up  Taylor Swift interview,0
If you don t want it on Page Six  don t do it ,0
